{
  "schema": "1.0",
  "type": "whmcs-servers",
  "name": "cnicssl",
  "license": "MIT",
  "category": "digitalservices",
  "description": {
    "name": "CentralNic SSL v10.0.0",
    "tagline": "Sell SSL Certificates using a HEXONET or RRPproxy reseller account.",
    "long": "",
    "features": [
      "Resell all certificate classes offered by HEXONET and RRPproxy",
      "Import products with pricing and profit margins",
      "Create, renew and revoke certificates",
      "Support for testing environment"
    ]
  },
  "logo": {
    "filename": "logo.png"
  },
  "support": {
    "homepage": "https:\/\/www.centralnic.com\/",
    "learn_more": "https:\/\/github.com\/centralnic-reseller\/whmcs-ssl\/blob\/master\/README.md",
    "support_url": "https:\/\/github.com\/centralnic-reseller\/whmcs-ssl\/wiki\/Contact-Us",
    "docs_url": "https:\/\/github.com\/centralnic-reseller\/whmcs-ssl\/wiki\/Usage-Guide"
  },
  "authors": [
    {
      "name": "CentralNic Reseller",
      "homepage": "https:\/\/www.centralnic.com\/"
    }
  ]
}
